,X,Y,Y_hat,mAE,mSE
0,-3,-7.7,-8,0.29154759474226505,0.25
1,-2,-5.0,-5,0.29154759474226505,0.25
2,-1,-1.8,-2,0.29154759474226505,0.25
3,0,1.3,1,0.29154759474226505,0.25
4,1,4.2,4,0.29154759474226505,0.25
5,2,6.6,7,0.29154759474226505,0.25
6,3,10.5,10,0.29154759474226505,0.25
7,4,13.1,13,0.29154759474226505,0.25
